{"tehran": {"distance": 1512.7009755451022}, "baghdad": {"distance": 846.2502128082062}, "damascus": {"distance": 132.8127281602895}, "kabul": {"distance": 3126.423772392182}, "sanaa": {"distance": 2118.9885866318496}, "riyadh": {"distance": 1419.7512489932435}, "cairo": {"distance": 485.00911326512215}, "beirut": {"distance": 141.19785477526014}, "amman": {"distance": 92.87220613061896}, "tripoli": {"distance": 2069.4846772475275}, "khartoum": {"distance": 1918.8994192000791}, "mosul": {"distance": 823.4573102041362}, "fallujah": {"distance": 790.8978936995608}, "kandahar": {"distance": 2852.107701855126}, "marrakesh": {"distance": 4053.790202366661}, "israeli_base": {"distance": 0.0}}